Red Alert 1|Red Alert 2|Red Alert 3|Red Alert 4|Red Alert 5|Red Alert 6|Red Alert 7|Red Alert 8|Red Alert 9|Red Alert 10|Red Alert 11|Red Alert 12|Red Alert 13|Red Alert 14|Red Alert 15|Red Alert 16|Red Alert 17|Red Alert 18|Red Alert 19|Red Alert 20|＠
Red Alert 21|Red Alert 22|Red Alert 23|Red Alert 24|Red Alert 25|Red Alert 26|Red Alert 27|Red Alert 28|Red Alert 29|Red Alert 30|Red Alert 31|Red Alert 32|Red Alert 33|Red Alert 34|Red Alert 35|Red Alert 36|Red Alert 37|Red Alert 38|Red Alert 39|Red Alert 40|＠
Red Alert 41|Red Alert 42|Red Alert 43|Red Alert 44|Red Alert 45|Red Alert 46|Red Alert 47|Red Alert 48|Red Alert 49|Red Alert 50|Red Alert 51|Red Alert 52|Red Alert 53|Red Alert 54|Red Alert 55|Red Alert 56|Red Alert 57|Red Alert 58|Red Alert 59|Red Alert 60|＠
Rampage Lv1|Rampage Lv2|Rampage Lv3|Rampage Lv4|Rampage Lv5|Rampage Lv6|Rampage Lv7|Rampage Lv8|Rampage Lv9|Rampage Lv10|Rampage Lv11|Rampage Lv12|Rampage Lv13|Rampage Lv14|Rampage Lv15|Rampage Lv16|Rampage Lv17|Rampage Lv18|Rampage Lv19|Rampage Lv20|＠
Rampage Lv21|Rampage Lv22|Rampage Lv23|Rampage Lv24|Rampage Lv25|Rampage Lv26|Rampage Lv27|Rampage Lv28|Rampage Lv29|Rampage Lv30|Rampage Lv31|Rampage Lv32|Rampage Lv33|Rampage Lv34|Rampage Lv35|Rampage Lv36|Rampage Lv37|Rampage Lv38|Rampage Lv39|Rampage Lv40|＠
Rampage Lv41|Rampage Lv42|Rampage Lv43|Rampage Lv44|Rampage Lv45|Rampage Lv46|Rampage Lv47|Rampage Lv48|Rampage Lv49|Rampage Lv50|Rampage Lv51|Rampage Lv52|Rampage Lv53|Rampage Lv54|Rampage Lv55|Rampage Lv56|Rampage Lv57|Rampage Lv58|Rampage Lv59|Rampage Lv60|＠
On Mighty Wings Lv1|On Mighty Wings Lv2|On Mighty Wings Lv3|On Mighty Wings Lv4|On Mighty Wings Lv5|On Mighty Wings Lv6|On Mighty Wings Lv7|On Mighty Wings Lv8|On Mighty Wings Lv9|On Mighty Wings Lv10|On Mighty Wings Lv11|On Mighty Wings Lv12|On Mighty Wings Lv13|On Mighty Wings Lv14|On Mighty Wings Lv15|On Mighty Wings Lv16|On Mighty Wings Lv17|On Mighty Wings Lv18|On Mighty Wings Lv19|On Mighty Wings Lv20|＠
On Mighty Wings Lv21|On Mighty Wings Lv22|On Mighty Wings Lv23|On Mighty Wings Lv24|On Mighty Wings Lv25|On Mighty Wings Lv26|On Mighty Wings Lv27|On Mighty Wings Lv28|On Mighty Wings Lv29|On Mighty Wings Lv30|On Mighty Wings Lv31|On Mighty Wings Lv32|On Mighty Wings Lv33|On Mighty Wings Lv34|On Mighty Wings Lv35|On Mighty Wings Lv36|On Mighty Wings Lv37|On Mighty Wings Lv38|On Mighty Wings Lv39|On Mighty Wings Lv40|＠
On Mighty Wings Lv41|On Mighty Wings Lv42|On Mighty Wings Lv43|On Mighty Wings Lv44|On Mighty Wings Lv45|On Mighty Wings Lv46|On Mighty Wings Lv47|On Mighty Wings Lv48|On Mighty Wings Lv49|On Mighty Wings Lv50|On Mighty Wings Lv51|On Mighty Wings Lv52|On Mighty Wings Lv53|On Mighty Wings Lv54|On Mighty Wings Lv55|On Mighty Wings Lv56|On Mighty Wings Lv57|On Mighty Wings Lv58|On Mighty Wings Lv59|On Mighty Wings Lv60|＠
Cosmic Juggernaut Lv.1|Cosmic Juggernaut Lv.2|Cosmic Juggernaut Lv.3|Cosmic Juggernaut Lv.4|Cosmic Juggernaut Lv.5|Cosmic Juggernaut Lv.6|Cosmic Juggernaut Lv.7|Cosmic Juggernaut Lv.8|Cosmic Juggernaut Lv.9|Cosmic Juggernaut Lv.10|Cosmic Juggernaut Lv.11|Cosmic Juggernaut Lv.12|Cosmic Juggernaut Lv.13|Cosmic Juggernaut Lv.14|Cosmic Juggernaut Lv.15|Cosmic Juggernaut Lv.16|Cosmic Juggernaut Lv.17|Cosmic Juggernaut Lv.18|Cosmic Juggernaut Lv.19|Cosmic Juggernaut Lv.20|＠
Cosmic Juggernaut Lv.21|Cosmic Juggernaut Lv.22|Cosmic Juggernaut Lv.23|Cosmic Juggernaut Lv.24|Cosmic Juggernaut Lv.25|Cosmic Juggernaut Lv.26|Cosmic Juggernaut Lv.27|Cosmic Juggernaut Lv.28|Cosmic Juggernaut Lv.29|Cosmic Juggernaut Lv.30|Cosmic Juggernaut Lv.31|Cosmic Juggernaut Lv.32|Cosmic Juggernaut Lv.33|Cosmic Juggernaut Lv.34|Cosmic Juggernaut Lv.35|Cosmic Juggernaut Lv.36|Cosmic Juggernaut Lv.37|Cosmic Juggernaut Lv.38|Cosmic Juggernaut Lv.39|Cosmic Juggernaut Lv.40|＠
Cosmic Juggernaut Lv.41|Cosmic Juggernaut Lv.42|Cosmic Juggernaut Lv.43|Cosmic Juggernaut Lv.44|Cosmic Juggernaut Lv.45|Cosmic Juggernaut Lv.46|Cosmic Juggernaut Lv.47|Cosmic Juggernaut Lv.48|Cosmic Juggernaut Lv.49|Cosmic Juggernaut Lv.50|Cosmic Juggernaut Lv.51|Cosmic Juggernaut Lv.52|Cosmic Juggernaut Lv.53|Cosmic Juggernaut Lv.54|Cosmic Juggernaut Lv.55|Cosmic Juggernaut Lv.56|Cosmic Juggernaut Lv.57|Cosmic Juggernaut Lv.58|Cosmic Juggernaut Lv.59|Cosmic Juggernaut Lv.60|＠
Year of the Ox  Lv.1|Year of the Ox Lv.2|Year of the Ox Lv.3|Year of the Ox Lv.4|Year of the Ox Lv.5|Year of the Ox Lv.6|Year of the Ox Lv.7|Year of the Ox Lv.8|Year of the Ox Lv.9|Year of the Ox Lv.10|＠