Land of Dreams Lv1|Land of Dreams Lv2|Land of Dreams Lv3|Land of Dreams Lv4|Land of Dreams Lv5|Land of Dreams Lv6|Land of Dreams Lv7|Land of Dreams Lv8|Land of Dreams Lv9|Land of Dreams Lv10|Land of Dreams Lv11|Land of Dreams Lv12|Land of Dreams Lv13|Land of Dreams Lv14|Land of Dreams Lv15|Land of Dreams Lv16|Land of Dreams Lv17|Land of Dreams Lv18|Land of Dreams Lv19|Land of Dreams Lv20|＠
||||||||||||||||||||＠
Nether Reaches Lv.1|Nether Reaches Lv.2|Nether Reaches Lv.3|Nether Reaches Lv.4|Nether Reaches Lv.5|Nether Reaches Lv.6|Nether Reaches Lv.7|Nether Reaches Lv.8|Nether Reaches Lv.9|Nether Reaches Lv.10|Nether Reaches Lv.11|Nether Reaches Lv.12|Nether Reaches Lv.13|Nether Reaches Lv.14|Nether Reaches Lv.15|Nether Reaches Lv.16|Nether Reaches Lv.17|Nether Reaches Lv.18|Nether Reaches Lv.19|Nether Reaches Lv.20|＠
Heaven's Gate Lv.1|Heaven's Gate Lv.2|Heaven's Gate Lv.3|Heaven's Gate Lv.4|Heaven's Gate Lv.5|Heaven's Gate Lv.6|Heaven's Gate Lv.7|Heaven's Gate Lv.8|Heaven's Gate Lv.9|Heaven's Gate Lv.10|Heaven's Gate Lv.11|Heaven's Gate Lv.12|Heaven's Gate Lv.13|Heaven's Gate Lv.14|Heaven's Gate Lv.15|Heaven's Gate Lv.16|Heaven's Gate Lv.17|Heaven's Gate Lv.18|Heaven's Gate Lv.19|Heaven's Gate Lv.20|＠
||||||||||||||||||||＠
1st Song|2nd Song|3rd Song|4th Song|5th Song|6th Song|7th Song|8th Song|9th Song|10th Song|11th Song|12th Song|13th Song|14th Song|15th Song|16th Song|17th Song|18th Song|19th Song|Last Song|＠
||||||||||||||||||||＠